id;name;last_name;age;birth_of_day;phone_number
1;Bedfordshire copy Auto;Hirthe;67579;2022-06-20T15:24:28;frictionless Configuration Shoes
2;Bedfordshire Monitored Tasty;Veum;78479;2022-06-21T05:25:15;Avon connect Shoes
3;Administrator;Herman;99383;2022-06-21T00:46:05;invoice
4;virtual generate;Marquardt;80599;2022-06-21T08:14:40;even-keeled
5;Movies;Thiel;72030;2022-06-21T08:19:50;generate Refined
6;up experiences Uganda;Ryan;57640;2022-06-21T14:32:34;invoice
7;transmit;Reinger;36552;2022-06-21T12:50:48;solution-oriented Pound
8;quantifying;Feeney;89804;2022-06-20T21:05:45;matrix Automotive
9;Rubber Pre-emptive online;Rau;44901;2022-06-20T18:31:38;group deposit
10;clear-thinking Keyboard;Hamill;50247;2022-06-21T05:02:49;Interactions Handmade
